measure,pitch,offset,offsetMeasure,quarterLength,fullName,notehead
1,A3,1.0,0.0,3.0,A in octave 3 Dotted Half Note,normal
1,A3,4.0,3.0,0.5,A in octave 3 Eighth Note,normal
2,G#3,4.5,-0.5,0.5+2.0,G-sharp in octave 3 Half Note,normal
2,G#3,7.0,2.0,1.5,G-sharp in octave 3 Dotted Quarter Note,normal
2,G#3,8.5,3.5,0.5,G-sharp in octave 3 Eighth Note,normal
3,G3,9.0,0.0,1.5,G in octave 3 Dotted Quarter Note,normal
3,G3,10.5,1.5,0.5,G in octave 3 Eighth Note,normal
3,F#3,11.0,2.0,0.5,F-sharp in octave 3 Eighth Note,normal
3,B3,11.5,2.5,0.5,B in octave 3 Eighth Note,normal
3,B2,12.0,3.0,0.5,B in octave 2 Eighth Note,normal
4,E3,12.5,-0.5,0.5+1.5,E in octave 3 Dotted Quarter Note,normal
4,F#3,14.5,1.5,0.5+0.5,F-sharp in octave 3 Eighth Note,normal
4,G3,15.5,2.5,1.0,G in octave 3 Quarter Note,normal
4,G#3,16.5,3.5,0.5,G-sharp in octave 3 Eighth Note,normal
5,A3,17.0,0.0,3.0,A in octave 3 Dotted Half Note,normal
5,A3,20.0,3.0,0.5,A in octave 3 Eighth Note,normal
6,G#3,20.5,-0.5,0.5+2.0,G-sharp in octave 3 Half Note,normal
6,G#3,23.0,2.0,1.5,G-sharp in octave 3 Dotted Quarter Note,normal
6,G#3,24.5,3.5,0.5,G-sharp in octave 3 Eighth Note,normal
7,G3,25.0,0.0,1.5,G in octave 3 Dotted Quarter Note,normal
7,G3,26.5,1.5,0.5,G in octave 3 Eighth Note,normal
7,F#3,27.0,2.0,0.5,F-sharp in octave 3 Eighth Note,normal
7,B3,27.5,2.5,0.5,B in octave 3 Eighth Note,normal
7,B2,28.0,3.0,0.5,B in octave 2 Eighth Note,normal
8,E3,28.5,-0.5,0.5+1.5,E in octave 3 Dotted Quarter Note,normal
8,F#3,30.5,1.5,0.5+0.5,F-sharp in octave 3 Eighth Note,normal
8,G3,31.5,2.5,1.0,G in octave 3 Quarter Note,normal
8,G#3,32.5,3.5,0.5,G-sharp in octave 3 Eighth Note,normal
9,A3,33.0,0.0,2.0+0.5,A in octave 3 Eighth Note,normal
9,A2,35.5,2.5,0.5,A in octave 2 Eighth Note,normal
9,A3,36.0,3.0,0.5,A in octave 3 Eighth Note,normal
10,G#3,36.5,-0.5,0.5+0.5,G-sharp in octave 3 Eighth Note,normal
10,G#3,37.5,0.5,1.0,G-sharp in octave 3 Quarter Note,normal
10,G#3,38.5,1.5,0.5+0.5,G-sharp in octave 3 Eighth Note,normal
10,G#3,39.5,2.5,1.0,G-sharp in octave 3 Quarter Note,normal
10,G#3,40.5,3.5,0.5,G-sharp in octave 3 Eighth Note,normal
11,G3,41.0,0.0,1.5,G in octave 3 Dotted Quarter Note,normal
11,G3,42.5,1.5,0.5,G in octave 3 Eighth Note,normal
11,F#3,43.0,2.0,0.5,F-sharp in octave 3 Eighth Note,normal
11,B3,43.5,2.5,0.5,B in octave 3 Eighth Note,normal
11,B2,44.0,3.0,0.5,B in octave 2 Eighth Note,normal
12,E3,44.5,-0.5,0.5+0.5,E in octave 3 Eighth Note,normal
12,E3,45.5,0.5,0.5,E in octave 3 Eighth Note,normal
12,E3,46.0,1.0,0.5,E in octave 3 Eighth Note,normal
12,F#3,46.5,1.5,0.5+0.5,F-sharp in octave 3 Eighth Note,normal
12,G3,47.5,2.5,1.0,G in octave 3 Quarter Note,normal
12,G#3,48.5,3.5,0.5,G-sharp in octave 3 Eighth Note,normal
13,A3,49.0,0.0,2.0+0.5,A in octave 3 Eighth Note,normal
13,A2,51.5,2.5,0.5,A in octave 2 Eighth Note,normal
13,A3,52.0,3.0,0.5,A in octave 3 Eighth Note,normal
14,G#3,52.5,-0.5,0.5+0.5,G-sharp in octave 3 Eighth Note,normal
14,G#3,53.5,0.5,1.0,G-sharp in octave 3 Quarter Note,normal
14,G#3,54.5,1.5,0.5+0.5,G-sharp in octave 3 Eighth Note,normal
14,G#3,55.5,2.5,1.0,G-sharp in octave 3 Quarter Note,normal
14,G#3,56.5,3.5,0.5,G-sharp in octave 3 Eighth Note,normal
15,G3,57.0,0.0,1.5,G in octave 3 Dotted Quarter Note,normal
15,G3,58.5,1.5,0.5,G in octave 3 Eighth Note,normal
15,F#3,59.0,2.0,0.5,F-sharp in octave 3 Eighth Note,normal
15,E3,59.5,2.5,0.5,E in octave 3 Eighth Note,normal
15,B2,60.0,3.0,0.5,B in octave 2 Eighth Note,normal
16,E3,60.5,-0.5,0.5+1.5,E in octave 3 Dotted Quarter Note,normal
16,F#3,62.5,1.5,0.5,F-sharp in octave 3 Eighth Note,normal
16,F#2,63.0,2.0,1.0,F-sharp in octave 2 Quarter Note,normal
16,F#2,64.0,3.0,0.5,F-sharp in octave 2 Eighth Note,normal
16,A2,64.5,3.5,0.5,A in octave 2 Eighth Note,normal
17,G2,65.0,0.0,1.0,G in octave 2 Quarter Note,normal
17,B2,66.0,1.0,0.5,B in octave 2 Eighth Note,normal
17,G2,66.5,1.5,0.5,G in octave 2 Eighth Note,normal
17,E2,67.0,2.0,1.0,E in octave 2 Quarter Note,normal
17,E2,68.0,3.0,0.5,E in octave 2 Eighth Note,normal
17,E#2,68.5,3.5,0.5,E-sharp in octave 2 Eighth Note,normal
18,F#2,69.0,0.0,0.5,F-sharp in octave 2 Eighth Note,normal
18,A2,69.5,0.5,0.5,A in octave 2 Eighth Note,normal
18,A#2,70.0,1.0,0.5,A-sharp in octave 2 Eighth Note,normal
18,B2,70.5,1.5,0.5+0.5,B in octave 2 Eighth Note,normal
18,D3,71.5,2.5,0.5,D in octave 3 Eighth Note,normal
18,E3,72.0,3.0,0.5,E in octave 3 Eighth Note,normal
18,F#3,72.5,3.5,0.5,F-sharp in octave 3 Eighth Note,normal
19,G3,73.0,0.0,0.5,G in octave 3 Eighth Note,normal
19,D3,73.5,0.5,0.5,D in octave 3 Eighth Note,normal
19,G3,74.0,1.0,0.5,G in octave 3 Eighth Note,normal
19,D#3,74.5,1.5,0.5,D-sharp in octave 3 Eighth Note,normal
19,E3,75.0,2.0,1.0,E in octave 3 Quarter Note,normal
19,E3,76.0,3.0,0.5,E in octave 3 Eighth Note,normal
19,E#3,76.5,3.5,0.5,E-sharp in octave 3 Eighth Note,normal
20,F#3,77.0,0.0,0.5,F-sharp in octave 3 Eighth Note,normal
20,F#2,77.5,0.5,0.5,F-sharp in octave 2 Eighth Note,normal
20,A2,78.0,1.0,0.5,A in octave 2 Eighth Note,normal
20,A#2,78.5,1.5,0.5,A-sharp in octave 2 Eighth Note,normal
20,B2,79.0,2.0,0.5,B in octave 2 Eighth Note,normal
20,D3,79.5,2.5,0.5,D in octave 3 Eighth Note,normal
20,E3,80.0,3.0,0.5,E in octave 3 Eighth Note,normal
20,F#3,80.5,3.5,0.5,F-sharp in octave 3 Eighth Note,normal
21,G3,81.0,0.0,1.0,G in octave 3 Quarter Note,normal
21,G3,82.0,1.0,0.5,G in octave 3 Eighth Note,normal
21,F#3,82.5,1.5,0.5,F-sharp in octave 3 Eighth Note,normal
21,E3,83.0,2.0,1.0,E in octave 3 Quarter Note,normal
21,E3,84.0,3.0,0.5,E in octave 3 Eighth Note,normal
21,E#3,84.5,3.5,0.5,E-sharp in octave 3 Eighth Note,normal
22,F#3,85.0,0.0,0.5,F-sharp in octave 3 Eighth Note,normal
22,A3,85.5,0.5,0.5,A in octave 3 Eighth Note,normal
22,A#3,86.0,1.0,0.5,A-sharp in octave 3 Eighth Note,normal
22,B3,86.5,1.5,0.5+0.5,B in octave 3 Eighth Note,normal
22,B2,87.5,2.5,0.5,B in octave 2 Eighth Note,normal
22,D3,88.0,3.0,0.5,D in octave 3 Eighth Note,normal
22,D#3,88.5,3.5,0.5,D-sharp in octave 3 Eighth Note,normal
23,E3,89.0,0.0,0.5,E in octave 3 Eighth Note,normal
23,B2,89.5,0.5,0.5,B in octave 2 Eighth Note,normal
23,E3,90.0,1.0,0.5,E in octave 3 Eighth Note,normal
23,B2,90.5,1.5,0.5,B in octave 2 Eighth Note,normal
23,E3,91.0,2.0,0.5,E in octave 3 Eighth Note,normal
23,E3,91.5,2.5,0.5,E in octave 3 Eighth Note,normal
23,F#3,92.0,3.0,0.5,F-sharp in octave 3 Eighth Note,normal
24,G3,92.5,-0.5,0.5+0.5,G in octave 3 Eighth Note,normal
24,D3,93.5,0.5,0.5,D in octave 3 Eighth Note,normal
24,G3,94.0,1.0,0.5,G in octave 3 Eighth Note,normal
24,D3,94.5,1.5,0.5,D in octave 3 Eighth Note,normal
24,G3,95.0,2.0,0.5,G in octave 3 Eighth Note,normal
24,D3,95.5,2.5,0.5,D in octave 3 Eighth Note,normal
24,G3,96.0,3.0,0.5,G in octave 3 Eighth Note,normal
24,G#3,96.5,3.5,0.5,G-sharp in octave 3 Eighth Note,normal
25,G3,97.0,0.0,1.5,G in octave 3 Dotted Quarter Note,normal
25,G3,98.5,1.5,0.5,G in octave 3 Eighth Note,normal
25,F#3,99.0,2.0,0.5,F-sharp in octave 3 Eighth Note,normal
25,B3,99.5,2.5,0.5,B in octave 3 Eighth Note,normal
25,B2,100.0,3.0,0.5,B in octave 2 Eighth Note,normal
26,E3,100.5,-0.5,0.5+1.5,E in octave 3 Dotted Quarter Note,normal
26,F#3,102.5,1.5,0.5,F-sharp in octave 3 Eighth Note,normal
26,F#2,103.0,2.0,1.0,F-sharp in octave 2 Quarter Note,normal
26,D3,104.0,3.0,1.0,D in octave 3 Quarter Note,normal
27,G3,105.0,0.0,1.0,G in octave 3 Quarter Note,normal
27,D3,106.0,1.0,0.5,D in octave 3 Eighth Note,normal
27,G3,106.5,1.5,0.5,G in octave 3 Eighth Note,normal
27,E3,107.0,2.0,1.0,E in octave 3 Quarter Note,normal
27,E3,108.0,3.0,0.5,E in octave 3 Eighth Note,normal
27,E#3,108.5,3.5,0.5,E-sharp in octave 3 Eighth Note,normal
28,F#3,109.0,0.0,0.5,F-sharp in octave 3 Eighth Note,normal
28,F#2,109.5,0.5,0.5,F-sharp in octave 2 Eighth Note,normal
28,A2,110.0,1.0,0.5,A in octave 2 Eighth Note,normal
28,A#2,110.5,1.5,0.5,A-sharp in octave 2 Eighth Note,normal
28,B2,111.0,2.0,0.5,B in octave 2 Eighth Note,normal
28,D3,111.5,2.5,0.5,D in octave 3 Eighth Note,normal
28,E3,112.0,3.0,0.5,E in octave 3 Eighth Note,normal
28,F#3,112.5,3.5,0.5,F-sharp in octave 3 Eighth Note,normal
29,G3,113.0,0.0,1.0,G in octave 3 Quarter Note,normal
29,G2,114.0,1.0,0.5,G in octave 2 Eighth Note,normal
29,F#2,114.5,1.5,0.5,F-sharp in octave 2 Eighth Note,normal
29,E2,115.0,2.0,1.0,E in octave 2 Quarter Note,normal
29,E2,116.0,3.0,0.5,E in octave 2 Eighth Note,normal
29,E#2,116.5,3.5,0.5,E-sharp in octave 2 Eighth Note,normal
30,F#2,117.0,0.0,0.5,F-sharp in octave 2 Eighth Note,normal
30,A2,117.5,0.5,0.5,A in octave 2 Eighth Note,normal
30,A#2,118.0,1.0,0.5,A-sharp in octave 2 Eighth Note,normal
30,B2,118.5,1.5,0.5+0.5,B in octave 2 Eighth Note,normal
30,A2,119.5,2.5,0.5,A-natural in octave 2 Eighth Note,normal
30,D3,120.0,3.0,0.5,D in octave 3 Eighth Note,normal
30,F#3,120.5,3.5,0.5,F-sharp in octave 3 Eighth Note,normal
31,G3,121.0,0.0,1.0,G in octave 3 Quarter Note,normal
31,G3,122.0,1.0,0.5,G in octave 3 Eighth Note,normal
31,F#3,122.5,1.5,0.5,F-sharp in octave 3 Eighth Note,normal
31,E3,123.0,2.0,1.0,E in octave 3 Quarter Note,normal
31,E3,124.0,3.0,0.5,E in octave 3 Eighth Note,normal
31,E#3,124.5,3.5,0.5,E-sharp in octave 3 Eighth Note,normal
32,F#3,125.0,0.0,0.5,F-sharp in octave 3 Eighth Note,normal
32,F#2,125.5,0.5,0.5,F-sharp in octave 2 Eighth Note,normal
32,A2,126.0,1.0,0.5,A in octave 2 Eighth Note,normal
32,A#2,126.5,1.5,0.5,A-sharp in octave 2 Eighth Note,normal
32,B2,127.0,2.0,1.0,B in octave 2 Quarter Note,normal
32,B2,128.0,3.0,0.5,B in octave 2 Eighth Note,normal
32,D3,128.5,3.5,0.5,D in octave 3 Eighth Note,normal
33,E3,129.0,0.0,0.5,E in octave 3 Eighth Note,normal
33,B2,129.5,0.5,0.5,B in octave 2 Eighth Note,normal
33,E3,130.0,1.0,0.5,E in octave 3 Eighth Note,normal
33,B2,130.5,1.5,0.5,B in octave 2 Eighth Note,normal
33,E3,131.0,2.0,0.5,E in octave 3 Eighth Note,normal
33,E3,131.5,2.5,0.5,E in octave 3 Eighth Note,normal
33,F#3,132.0,3.0,0.5,F-sharp in octave 3 Eighth Note,normal
34,G3,132.5,-0.5,0.5+0.5,G in octave 3 Eighth Note,normal
34,D3,133.5,0.5,0.5,D in octave 3 Eighth Note,normal
34,G3,134.0,1.0,0.5,G in octave 3 Eighth Note,normal
34,D3,134.5,1.5,0.5,D in octave 3 Eighth Note,normal
34,G3,135.0,2.0,0.5,G in octave 3 Eighth Note,normal
34,D3,135.5,2.5,0.5,D in octave 3 Eighth Note,normal
34,G2,136.0,3.0,0.5,G in octave 2 Eighth Note,normal
34,G#2,136.5,3.5,0.5,G-sharp in octave 2 Eighth Note,normal
35,A2,137.0,0.0,0.5,A in octave 2 Eighth Note,normal
35,A2,137.5,0.5,1.0,A in octave 2 Quarter Note,normal
35,E3,138.5,1.5,0.5,E in octave 3 Eighth Note,normal
35,A3,139.0,2.0,0.5,A in octave 3 Eighth Note,normal
35,A3,139.5,2.5,0.5,A in octave 3 Eighth Note,normal
35,E3,140.0,3.0,0.5,E in octave 3 Eighth Note,normal
35,A2,140.5,3.5,0.5,A in octave 2 Eighth Note,normal
36,A2,141.0,0.0,0.5,A in octave 2 Eighth Note,normal
36,A2,141.5,0.5,0.5,A in octave 2 Eighth Note,normal
36,A2,142.0,1.0,0.5,A in octave 2 Eighth Note,normal
36,E3,142.5,1.5,0.5,E in octave 3 Eighth Note,normal
36,E3,143.0,2.0,0.5,E in octave 3 Eighth Note,normal
36,A3,143.5,2.5,0.5,A in octave 3 Eighth Note,normal
36,A3,144.0,3.0,0.5,A in octave 3 Eighth Note,normal
36,E3,144.5,3.5,0.5,E in octave 3 Eighth Note,normal
37,A2,145.0,0.0,0.5,A in octave 2 Eighth Note,normal
37,A2,145.5,0.5,0.5,A in octave 2 Eighth Note,normal
37,A2,146.0,1.0,0.5,A in octave 2 Eighth Note,normal
37,E3,146.5,1.5,0.5,E in octave 3 Eighth Note,normal
37,E3,147.0,2.0,0.5,E in octave 3 Eighth Note,normal
37,A3,147.5,2.5,0.5,A in octave 3 Eighth Note,normal
37,A3,148.0,3.0,0.5,A in octave 3 Eighth Note,normal
37,E3,148.5,3.5,0.5,E in octave 3 Eighth Note,normal
38,G2,149.0,0.0,0.5,G in octave 2 Eighth Note,normal
38,G2,149.5,0.5,0.5,G in octave 2 Eighth Note,normal
38,G2,150.0,1.0,0.5,G in octave 2 Eighth Note,normal
38,G2,150.5,1.5,0.5,G in octave 2 Eighth Note,normal
38,G2,151.0,2.0,0.5,G in octave 2 Eighth Note,normal
38,G2,151.5,2.5,0.5,G in octave 2 Eighth Note,normal
38,G2,152.0,3.0,0.5,G in octave 2 Eighth Note,normal
38,F2,152.5,3.5,0.5,F-natural in octave 2 Eighth Note,normal
39,F#2,153.0,0.0,1.0,F-sharp in octave 2 Quarter Note,normal
39,C#3,154.0,1.0,0.5,C-sharp in octave 3 Eighth Note,normal
39,F#3,154.5,1.5,0.5+0.5,F-sharp in octave 3 Eighth Note,normal
39,C#3,155.5,2.5,0.5,C-sharp in octave 3 Eighth Note,normal
39,F#2,156.0,3.0,1.0,F-sharp in octave 2 Quarter Note,normal
40,B2,157.0,0.0,1.0,B in octave 2 Quarter Note,normal
40,F#3,158.0,1.0,0.5,F-sharp in octave 3 Eighth Note,normal
40,B3,158.5,1.5,0.5+0.5,B in octave 3 Eighth Note,normal
40,F#3,159.5,2.5,0.5,F-sharp in octave 3 Eighth Note,normal
40,B2,160.0,3.0,0.5,B in octave 2 Eighth Note,normal
40,A2,160.5,3.5,0.5,A in octave 2 Eighth Note,normal
41,G2,161.0,0.0,1.0,G in octave 2 Quarter Note,normal
41,D3,162.0,1.0,0.5,D in octave 3 Eighth Note,normal
41,G3,162.5,1.5,0.5+0.5,G in octave 3 Eighth Note,normal
41,D3,163.5,2.5,0.5,D in octave 3 Eighth Note,normal
41,E3,164.0,3.0,0.5,E in octave 3 Eighth Note,normal
41,D3,164.5,3.5,0.5,D in octave 3 Eighth Note,normal
42,G2,165.0,0.0,1.5,G in octave 2 Dotted Quarter Note,normal
42,D3,166.5,1.5,0.5,D in octave 3 Eighth Note,normal
42,G3,167.0,2.0,0.5,G in octave 3 Eighth Note,normal
42,E2,167.5,2.5,0.5,E in octave 2 Eighth Note,normal
42,G2,168.0,3.0,0.5,G in octave 2 Eighth Note,normal
42,G#2,168.5,3.5,0.5,G-sharp in octave 2 Eighth Note,normal
43,A2,169.0,0.0,1.0,A in octave 2 Quarter Note,normal
43,A3,170.0,1.0,0.5,A in octave 3 Eighth Note,normal
43,A3,170.5,1.5,0.5+0.5,A in octave 3 Eighth Note,normal
43,E3,171.5,2.5,1.0,E in octave 3 Quarter Note,normal
44,A3,172.5,-0.5,0.5+0.5,A in octave 3 Eighth Note,normal
44,E3,173.5,0.5,0.5,E in octave 3 Eighth Note,normal
44,A2,174.0,1.0,1.0,A in octave 2 Quarter Note,normal
44,A3,175.0,2.0,1.0,A in octave 3 Quarter Note,normal
44,E3,176.0,3.0,1.0,E in octave 3 Quarter Note,normal
45,B-2,177.0,0.0,1.0,B-flat in octave 2 Quarter Note,normal
45,B-3,178.0,1.0,0.5,B-flat in octave 3 Eighth Note,normal
45,B-3,178.5,1.5,0.5,B-flat in octave 3 Eighth Note,normal
45,A-3,179.0,2.0,0.5,A-flat in octave 3 Eighth Note,normal
45,F3,179.5,2.5,1.0,F in octave 3 Quarter Note,normal
46,B-3,180.5,-0.5,0.5+0.5,B-flat in octave 3 Eighth Note,normal
46,F3,181.5,0.5,0.5,F in octave 3 Eighth Note,normal
46,B-3,182.0,1.0,1.0,B-flat in octave 3 Quarter Note,normal
46,B-2,183.0,2.0,1.0,B-flat in octave 2 Quarter Note,normal
46,F3,184.0,3.0,1.0,F in octave 3 Quarter Note,normal
47,B-3,185.0,0.0,2.0+0.5,B-flat in octave 3 Eighth Note,normal
47,B-2,187.5,2.5,0.5,B-flat in octave 2 Eighth Note,normal
47,B-3,188.0,3.0,0.5,B-flat in octave 3 Eighth Note,normal
48,A3,188.5,-0.5,0.5+0.5,A in octave 3 Eighth Note,normal
48,A3,189.5,0.5,1.0,A-natural in octave 3 Quarter Note,normal
48,A3,190.5,1.5,0.5+0.5,A in octave 3 Eighth Note,normal
48,A3,191.5,2.5,1.0,A in octave 3 Quarter Note,normal
48,A3,192.5,3.5,0.5,A in octave 3 Eighth Note,normal
49,A-3,193.0,0.0,1.5,A-flat in octave 3 Dotted Quarter Note,normal
49,A-3,194.5,1.5,0.5,A-flat in octave 3 Eighth Note,normal
49,G3,195.0,2.0,0.5,G in octave 3 Eighth Note,normal
49,C4,195.5,2.5,0.5,C in octave 4 Eighth Note,normal
49,C3,196.0,3.0,0.5,C in octave 3 Eighth Note,normal
50,F3,196.5,-0.5,0.5+0.5,F in octave 3 Eighth Note,normal
50,F2,197.5,0.5,0.5,F in octave 2 Eighth Note,normal
50,F3,198.0,1.0,0.5,F in octave 3 Eighth Note,normal
50,G3,198.5,1.5,0.5+0.5,G in octave 3 Eighth Note,normal
50,A-3,199.5,2.5,1.0,A-flat in octave 3 Quarter Note,normal
50,A3,200.5,3.5,0.5,A-natural in octave 3 Eighth Note,normal
51,B-3,201.0,0.0,2.0+0.5,B-flat in octave 3 Eighth Note,normal
51,B-2,203.5,2.5,0.5,B-flat in octave 2 Eighth Note,normal
51,B-3,204.0,3.0,0.5,B-flat in octave 3 Eighth Note,normal
52,A3,204.5,-0.5,0.5+0.5,A in octave 3 Eighth Note,normal
52,A3,205.5,0.5,1.0,A-natural in octave 3 Quarter Note,normal
52,A3,206.5,1.5,0.5+0.5,A in octave 3 Eighth Note,normal
52,A3,207.5,2.5,1.0,A in octave 3 Quarter Note,normal
52,A3,208.5,3.5,0.5,A in octave 3 Eighth Note,normal
53,A-3,209.0,0.0,1.5,A-flat in octave 3 Dotted Quarter Note,normal
53,A-3,210.5,1.5,0.5,A-flat in octave 3 Eighth Note,normal
53,G3,211.0,2.0,0.5,G in octave 3 Eighth Note,normal
53,C4,211.5,2.5,0.5,C in octave 4 Eighth Note,normal
53,C3,212.0,3.0,0.5,C in octave 3 Eighth Note,normal
54,F3,212.5,-0.5,0.5+1.5,F in octave 3 Dotted Quarter Note,normal
54,F#3,214.5,1.5,0.5,F-sharp in octave 3 Eighth Note,normal
54,G3,215.0,2.0,1.0,G in octave 3 Quarter Note,normal
54,G2,216.0,3.0,1.0,G in octave 2 Quarter Note,normal
55,A-2,217.0,0.0,1.0,A-flat in octave 2 Quarter Note,normal
55,C3,218.0,1.0,0.5,C in octave 3 Eighth Note,normal
55,E2,218.5,1.5,0.5,E-natural in octave 2 Eighth Note,normal
55,F2,219.0,2.0,1.0,F in octave 2 Quarter Note,normal
55,F2,220.0,3.0,0.5,F in octave 2 Eighth Note,normal
55,F#2,220.5,3.5,0.5,F-sharp in octave 2 Eighth Note,normal
56,G2,221.0,0.0,0.5,G in octave 2 Eighth Note,normal
56,B-2,221.5,0.5,0.5,B-flat in octave 2 Eighth Note,normal
56,B2,222.0,1.0,0.5,B-natural in octave 2 Eighth Note,normal
56,C3,222.5,1.5,0.5+0.5,C in octave 3 Eighth Note,normal
56,C3,223.5,2.5,0.5,C in octave 3 Eighth Note,normal
56,B-2,224.0,3.0,0.5,B-flat in octave 2 Eighth Note,normal
56,A2,224.5,3.5,0.5,A-natural in octave 2 Eighth Note,normal
57,A-2,225.0,0.0,0.5,A-flat in octave 2 Eighth Note,normal
57,C3,225.5,0.5,0.5,C in octave 3 Eighth Note,normal
57,E-3,226.0,1.0,0.5,E-flat in octave 3 Eighth Note,normal
57,F3,226.5,1.5,0.5+1.0,F in octave 3 Quarter Note,normal
57,F#3,228.0,3.0,1.0,F-sharp in octave 3 Quarter Note,normal
58,G3,229.0,0.0,1.0,G in octave 3 Quarter Note,normal
58,B3,230.0,1.0,0.5,B-natural in octave 3 Eighth Note,normal
58,C4,230.5,1.5,0.5+0.5,C in octave 4 Eighth Note,normal
58,C4,231.5,2.5,0.5,C in octave 4 Eighth Note,normal
58,B-3,232.0,3.0,0.5,B-flat in octave 3 Eighth Note,normal
58,E-3,232.5,3.5,0.5,E-flat in octave 3 Eighth Note,normal
59,A-3,233.0,0.0,1.0,A-flat in octave 3 Quarter Note,normal
59,A-3,234.0,1.0,0.5,A-flat in octave 3 Eighth Note,normal
59,G3,234.5,1.5,0.5,G in octave 3 Eighth Note,normal
59,F3,235.0,2.0,1.0,F in octave 3 Quarter Note,normal
59,F3,236.0,3.0,0.5,F in octave 3 Eighth Note,normal
59,F#3,236.5,3.5,0.5,F-sharp in octave 3 Eighth Note,normal
60,G3,237.0,0.0,0.5,G in octave 3 Eighth Note,normal
60,G2,237.5,0.5,0.5,G in octave 2 Eighth Note,normal
60,B-2,238.0,1.0,0.5,B-flat in octave 2 Eighth Note,normal
60,B2,238.5,1.5,0.5,B-natural in octave 2 Eighth Note,normal
60,C3,239.0,2.0,1.0,C in octave 3 Quarter Note,normal
60,C3,240.0,3.0,0.5,C in octave 3 Eighth Note,normal
60,E3,240.5,3.5,0.5,E-natural in octave 3 Eighth Note,normal
61,F3,241.0,0.0,0.5,F in octave 3 Eighth Note,normal
61,C3,241.5,0.5,0.5,C in octave 3 Eighth Note,normal
61,F3,242.0,1.0,0.5,F in octave 3 Eighth Note,normal
61,C3,242.5,1.5,0.5,C in octave 3 Eighth Note,normal
61,F3,243.0,2.0,0.5,F in octave 3 Eighth Note,normal
61,F3,243.5,2.5,0.5,F in octave 3 Eighth Note,normal
61,G3,244.0,3.0,0.5,G in octave 3 Eighth Note,normal
62,A-3,244.5,-0.5,0.5+0.5,A-flat in octave 3 Eighth Note,normal
62,E-3,245.5,0.5,0.5,E-flat in octave 3 Eighth Note,normal
62,A-3,246.0,1.0,0.5,A-flat in octave 3 Eighth Note,normal
62,E-3,246.5,1.5,0.5,E-flat in octave 3 Eighth Note,normal
62,A-3,247.0,2.0,0.5,A-flat in octave 3 Eighth Note,normal
62,E-3,247.5,2.5,0.5,E-flat in octave 3 Eighth Note,normal
62,F3,248.0,3.0,0.5,F in octave 3 Eighth Note,normal
62,G3,248.5,3.5,0.5,G in octave 3 Eighth Note,normal
63,A-3,249.0,0.0,1.0,A-flat in octave 3 Quarter Note,normal
63,A-3,250.0,1.0,0.5,A-flat in octave 3 Eighth Note,normal
63,G3,250.5,1.5,0.5,G in octave 3 Eighth Note,normal
63,F3,251.0,2.0,1.0,F in octave 3 Quarter Note,normal
63,F3,252.0,3.0,0.5,F in octave 3 Eighth Note,normal
64,G3,252.5,-0.5,0.5+0.5,G in octave 3 Eighth Note,normal
64,D3,253.5,0.5,0.5,D in octave 3 Eighth Note,normal
64,G3,254.0,1.0,1.0+0.5,G in octave 3 Eighth Note,normal
64,C4,255.5,2.5,0.5,C in octave 4 Eighth Note,normal
64,C3,256.0,3.0,0.5,C in octave 3 Eighth Note,normal
64,E-3,256.5,3.5,0.5,E-flat in octave 3 Eighth Note,normal
65,A-3,257.0,0.0,1.0,A-flat in octave 3 Quarter Note,normal
65,A-3,258.0,1.0,1.0,A-flat in octave 3 Quarter Note,normal
65,F3,259.0,2.0,0.5,F in octave 3 Eighth Note,normal
65,F3,259.5,2.5,0.5,F in octave 3 Eighth Note,normal
65,F3,260.0,3.0,0.5,F in octave 3 Eighth Note,normal
66,G3,260.5,-0.5,0.5+1.0,G in octave 3 Quarter Note,normal
66,G3,262.0,1.0,1.0+0.5,G in octave 3 Eighth Note,normal
66,C4,263.5,2.5,0.5,C in octave 4 Eighth Note,normal
66,C3,264.0,3.0,0.5,C in octave 3 Eighth Note,normal
66,E-3,264.5,3.5,0.5,E-flat in octave 3 Eighth Note,normal
67,A-3,265.0,0.0,0.5,A-flat in octave 3 Eighth Note,normal
67,E-3,265.5,0.5,0.5,E-flat in octave 3 Eighth Note,normal
67,A-3,266.0,1.0,0.5,A-flat in octave 3 Eighth Note,normal
67,E-3,266.5,1.5,0.5,E-flat in octave 3 Eighth Note,normal
67,F3,267.0,2.0,1.0,F in octave 3 Quarter Note,normal
67,F3,268.0,3.0,0.5,F in octave 3 Eighth Note,normal
68,G3,268.5,-0.5,0.5+0.5,G in octave 3 Eighth Note,normal
68,D3,269.5,0.5,0.5,D in octave 3 Eighth Note,normal
68,G3,270.0,1.0,1.0,G in octave 3 Quarter Note,normal
68,G3,271.0,2.0,0.5,G in octave 3 Eighth Note,normal
68,C4,271.5,2.5,0.5,C in octave 4 Eighth Note,normal
68,C3,272.0,3.0,0.5,C in octave 3 Eighth Note,normal
68,E-3,272.5,3.5,0.5,E-flat in octave 3 Eighth Note,normal
69,A-3,273.0,0.0,0.5,A-flat in octave 3 Eighth Note,normal
69,E-3,273.5,0.5,0.5,E-flat in octave 3 Eighth Note,normal
69,A-3,274.0,1.0,1.0,A-flat in octave 3 Quarter Note,normal
69,F3,275.0,2.0,1.0,F in octave 3 Quarter Note,normal
69,F3,276.0,3.0,0.5,F in octave 3 Eighth Note,normal
70,G3,276.5,-0.5,0.5+0.5,G in octave 3 Eighth Note,normal
70,D3,277.5,0.5,0.5,D in octave 3 Eighth Note,normal
70,G3,278.0,1.0,1.0+0.5,G in octave 3 Eighth Note,normal
70,C4,279.5,2.5,0.5,C in octave 4 Eighth Note,normal
70,C3,280.0,3.0,0.5,C in octave 3 Eighth Note,normal
70,E-3,280.5,3.5,0.5,E-flat in octave 3 Eighth Note,normal
71,A-3,281.0,0.0,1.0,A-flat in octave 3 Quarter Note,normal
71,A-3,282.0,1.0,0.5,A-flat in octave 3 Eighth Note,normal
71,E-3,282.5,1.5,0.5,E-flat in octave 3 Eighth Note,normal
71,F3,283.0,2.0,1.0,F in octave 3 Quarter Note,normal
71,F3,284.0,3.0,0.5,F in octave 3 Eighth Note,normal
72,G3,284.5,-0.5,0.5+0.5,G in octave 3 Eighth Note,normal
72,F#2,285.5,0.5,0.5,F-sharp in octave 2 Eighth Note,normal
72,G2,286.0,1.0,1.0+0.5,G in octave 2 Eighth Note,normal
72,C4,287.5,2.5,0.5,C in octave 4 Eighth Note,normal
72,C3,288.0,3.0,0.5,C in octave 3 Eighth Note,normal
72,E-3,288.5,3.5,0.5,E-flat in octave 3 Eighth Note,normal
73,A-3,289.0,0.0,1.0,A-flat in octave 3 Quarter Note,normal
73,A-3,290.0,1.0,1.0,A-flat in octave 3 Quarter Note,normal
73,F3,291.0,2.0,1.0,F in octave 3 Quarter Note,normal
73,F3,292.0,3.0,0.5,F in octave 3 Eighth Note,normal
74,G3,292.5,-0.5,0.5+2.0,G in octave 3 Half Note,normal
74,G2,295.0,2.0,0.5,G in octave 2 Eighth Note,normal
74,C3,295.5,2.5,0.5,C in octave 3 Eighth Note,normal
74,B-2,296.0,3.0,1.0,B-flat in octave 2 Quarter Note,normal
75,A-2,297.0,0.0,1.0,A-flat in octave 2 Quarter Note,normal
75,C3,298.0,1.0,0.5,C in octave 3 Eighth Note,normal
75,E-3,298.5,1.5,0.5,E-flat in octave 3 Eighth Note,normal
75,F3,299.0,2.0,1.0,F in octave 3 Quarter Note,normal
75,F3,300.0,3.0,0.5,F in octave 3 Eighth Note,normal
76,G3,300.5,-0.5,0.5+0.5,G in octave 3 Eighth Note,normal
76,D3,301.5,0.5,0.5,D in octave 3 Eighth Note,normal
76,G3,302.0,1.0,1.0+0.5,G in octave 3 Eighth Note,normal
76,C4,303.5,2.5,0.5,C in octave 4 Eighth Note,normal
76,C3,304.0,3.0,0.5,C in octave 3 Eighth Note,normal
76,E-3,304.5,3.5,0.5,E-flat in octave 3 Eighth Note,normal
77,A-3,305.0,0.0,1.0,A-flat in octave 3 Quarter Note,normal
1,E2,0.0,0.0,1.75,E in octave 2 Double Dotted Quarter Note,normal
1,B2,1.75,1.75,0.25+0.5,B in octave 2 Eighth Note,normal
1,C#3,2.5,2.5,0.5,C-sharp in octave 3 Eighth Note,normal
1,B2,3.0,3.0,0.5,B in octave 2 Eighth Note,normal
1,C#3,3.5,3.5,0.5,C-sharp in octave 3 Eighth Note,normal
2,E2,4.0,0.0,1.75,E in octave 2 Double Dotted Quarter Note,normal
2,B2,5.75,1.75,0.25+0.5,B in octave 2 Eighth Note,normal
2,C#3,6.5,2.5,0.5,C-sharp in octave 3 Eighth Note,normal
2,E3,7.0,3.0,0.5,E in octave 3 Eighth Note,normal
2,C#3,7.5,3.5,0.5,C-sharp in octave 3 Eighth Note,normal
3,E2,8.0,0.0,1.75,E in octave 2 Double Dotted Quarter Note,normal
3,B2,9.75,1.75,0.25+0.5,B in octave 2 Eighth Note,normal
3,C#3,10.5,2.5,0.5,C-sharp in octave 3 Eighth Note,normal
3,B2,11.0,3.0,0.5,B in octave 2 Eighth Note,normal
3,C#3,11.5,3.5,0.5,C-sharp in octave 3 Eighth Note,normal
4,E2,12.0,0.0,1.75,E in octave 2 Double Dotted Quarter Note,normal
4,G#2,13.75,1.75,0.25+0.25,G-sharp in octave 2 16th Note,normal
4,C#3,14.25,2.25,0.5,C-sharp in octave 3 Eighth Note,normal
4,C3,14.75,2.75,0.25,C-natural in octave 3 16th Note,normal
4,B2,15.0,3.0,0.5,B in octave 2 Eighth Note,normal
4,C#3,15.5,3.5,0.5,C-sharp in octave 3 Eighth Note,normal
5,E2,16.0,0.0,0.5,E in octave 2 Eighth Note,normal
5,E2,16.5,0.5,0.5+0.75,E in octave 2 Dotted Eighth Note,normal
5,B2,17.75,1.75,0.25+0.5,B in octave 2 Eighth Note,normal
5,C#3,18.5,2.5,0.5,C-sharp in octave 3 Eighth Note,normal
5,E3,19.0,3.0,0.5,E in octave 3 Eighth Note,normal
5,C#3,19.5,3.5,0.5,C-sharp in octave 3 Eighth Note,normal
6,E3,20.0,0.0,0.5,E in octave 3 Eighth Note,normal
6,E3,20.5,0.5,0.5+0.75,E in octave 3 Dotted Eighth Note,normal
6,F#3,21.75,1.75,0.25,F-sharp in octave 3 16th Note,normal
6,E3,22.0,2.0,0.75,E in octave 3 Dotted Eighth Note,normal
6,F#3,22.75,2.75,0.25+0.5,F-sharp in octave 3 Eighth Note,normal
6,G#3,23.5,3.5,0.5,G-sharp in octave 3 Eighth Note,normal
7,C#3,24.0,0.0,1.75,C-sharp in octave 3 Double Dotted Quarter Note,normal
7,C#3,25.75,1.75,0.25+0.25,C-sharp in octave 3 16th Note,normal
7,B2,26.25,2.25,0.25,B in octave 2 16th Note,normal
7,G#2,26.5,2.5,0.5,G-sharp in octave 2 Eighth Note,normal
7,B2,27.0,3.0,0.5,B in octave 2 Eighth Note,normal
7,C3,27.5,3.5,0.5,C-natural in octave 3 Eighth Note,normal
8,C#3,28.0,0.0,1.75,C-sharp in octave 3 Double Dotted Quarter Note,normal
8,A2,29.75,1.75,0.25,A in octave 2 16th Note,x
8,C#3,30.0,2.0,0.75,C-sharp in octave 3 Dotted Eighth Note,normal
8,C#3,30.75,2.75,0.25+0.5,C-sharp in octave 3 Eighth Note,normal
8,D#3,31.5,3.5,0.5,D-sharp in octave 3 Eighth Note,normal
9,E3,32.0,0.0,1.75,E in octave 3 Double Dotted Quarter Note,normal
9,B2,33.75,1.75,0.25+0.5,B in octave 2 Eighth Note,normal
9,C#3,34.5,2.5,0.5,C-sharp in octave 3 Eighth Note,normal
9,E3,35.0,3.0,0.5,E in octave 3 Eighth Note,normal
9,C#3,35.5,3.5,0.5,C-sharp in octave 3 Eighth Note,normal
10,E2,36.0,0.0,2.0,E in octave 2 Half Note,normal
10,E3,38.0,2.0,0.75,E in octave 3 Dotted Eighth Note,normal
10,G#3,38.75,2.75,0.25+0.5,G-sharp in octave 3 Eighth Note,normal
10,B3,39.5,3.5,0.5,B in octave 3 Eighth Note,normal
11,C#4,40.0,0.0,3.0,C-sharp in octave 4 Dotted Half Note,normal
11,G#3,43.5,3.5,0.5,G-sharp in octave 3 Eighth Note,normal
12,C#3,44.0,0.0,0.75,C-sharp in octave 3 Dotted Eighth Note,normal
12,B2,44.75,0.75,0.25,B in octave 2 16th Note,normal
12,G#2,45.0,1.0,0.75,G-sharp in octave 2 Dotted Eighth Note,normal
12,B2,45.75,1.75,0.25+0.5,B in octave 2 Eighth Note,normal
12,C3,46.5,2.5,0.5,C-natural in octave 3 Eighth Note,normal
12,C#3,47.0,3.0,0.5,C-sharp in octave 3 Eighth Note,normal
12,G#2,47.5,3.5,0.5,G-sharp in octave 2 Eighth Note,normal
13,G#2,48.0,0.0,0.5,G-sharp in octave 2 Eighth Note,normal
13,G#2,48.5,0.5,1.5+0.75,G-sharp in octave 2 Dotted Eighth Note,normal
13,C#3,50.75,2.75,0.25,C-sharp in octave 3 16th Note,normal
13,F#3,51.0,3.0,0.25,F-sharp in octave 3 16th Note,normal
13,E3,51.25,3.25,0.25,E in octave 3 16th Note,normal
13,C#3,51.5,3.5,0.5,C-sharp in octave 3 Eighth Note,normal
14,F#3,52.0,0.0,1.75,F-sharp in octave 3 Double Dotted Quarter Note,normal
14,C#3,53.75,1.75,0.25,C-sharp in octave 3 16th Note,normal
14,F#2,54.0,2.0,0.5,F-sharp in octave 2 Eighth Note,normal
14,A2,54.5,2.5,0.25,A in octave 2 16th Note,x
14,C#3,54.75,2.75,0.25+0.5,C-sharp in octave 3 Eighth Note,normal
14,C3,55.5,3.5,0.5,C-natural in octave 3 Eighth Note,normal
15,B2,56.0,0.0,1.75,B in octave 2 Double Dotted Quarter Note,normal
15,D#3,57.75,1.75,0.25+0.25,D-sharp in octave 3 16th Note,normal
15,E3,58.25,2.25,0.5,E in octave 3 Eighth Note,normal
15,F3,58.75,2.75,0.25,F-natural in octave 3 16th Note,x
15,F#3,59.0,3.0,0.5,F-sharp in octave 3 Eighth Note,normal
15,A3,59.5,3.5,0.5,A in octave 3 Eighth Note,normal
16,B3,60.0,0.0,0.25,B in octave 3 16th Note,normal
16,A3,60.25,0.25,0.25,A in octave 3 16th Note,normal
16,F#3,60.5,0.5,0.5,F-sharp in octave 3 Eighth Note,normal
16,B3,61.0,1.0,0.25,B in octave 3 16th Note,normal
16,A3,61.25,1.25,0.25,A in octave 3 16th Note,normal
16,F#3,61.5,1.5,0.5,F-sharp in octave 3 Eighth Note,normal
16,B2,62.0,2.0,0.5,B in octave 2 Eighth Note,normal
16,C#3,62.5,2.5,0.5,C-sharp in octave 3 Eighth Note,normal
16,E3,63.0,3.0,0.25,E in octave 3 16th Note,normal
16,C#3,63.25,3.25,0.25,C-sharp in octave 3 16th Note,normal
16,B2,63.5,3.5,0.5,B in octave 2 Eighth Note,normal
17,E2,64.0,0.0,1.75,E in octave 2 Double Dotted Quarter Note,normal
17,B2,65.75,1.75,0.25+0.5,B in octave 2 Eighth Note,normal
17,C#3,66.5,2.5,0.5,C-sharp in octave 3 Eighth Note,normal
17,E3,67.0,3.0,0.5,E in octave 3 Eighth Note,normal
17,C#3,67.5,3.5,0.5,C-sharp in octave 3 Eighth Note,normal
18,E3,68.0,0.0,1.0+0.75,E in octave 3 Dotted Eighth Note,normal
18,E3,69.75,1.75,0.25+0.75,E in octave 3 Dotted Eighth Note,normal
18,F#3,70.75,2.75,0.25+0.5,F-sharp in octave 3 Eighth Note,normal
18,G#3,71.5,3.5,0.5,G-sharp in octave 3 Eighth Note,normal
19,C#3,72.0,0.0,1.75,C-sharp in octave 3 Double Dotted Quarter Note,normal
19,G#2,73.75,1.75,0.25+0.25,G-sharp in octave 2 16th Note,normal
19,B2,74.25,2.25,0.5,B in octave 2 Eighth Note,normal
19,C3,74.75,2.75,0.25,C-natural in octave 3 16th Note,normal
19,C#3,75.0,3.0,0.25,C-sharp in octave 3 16th Note,normal
19,B2,75.25,3.25,0.25,B in octave 2 16th Note,normal
19,G#2,75.5,3.5,0.5,G-sharp in octave 2 Eighth Note,normal
20,C#3,76.0,0.0,1.75,C-sharp in octave 3 Double Dotted Quarter Note,normal
20,C#3,77.75,1.75,0.25,C-sharp in octave 3 16th Note,x
20,C#3,78.0,2.0,0.75,C-sharp in octave 3 Dotted Eighth Note,normal
20,C#3,78.75,2.75,0.25+0.5,C-sharp in octave 3 Eighth Note,normal
20,D#3,79.5,3.5,0.5,D-sharp in octave 3 Eighth Note,normal
21,E3,80.0,0.0,1.75,E in octave 3 Double Dotted Quarter Note,normal
21,B2,81.75,1.75,0.25+0.5,B in octave 2 Eighth Note,normal
21,C#3,82.5,2.5,0.5,C-sharp in octave 3 Eighth Note,normal
21,E3,83.0,3.0,0.5,E in octave 3 Eighth Note,normal
21,C#3,83.5,3.5,0.5,C-sharp in octave 3 Eighth Note,normal
22,E2,84.0,0.0,2.0,E in octave 2 Half Note,normal
22,E3,86.0,2.0,0.75,E in octave 3 Dotted Eighth Note,normal
22,G#3,86.75,2.75,0.25+0.5,G-sharp in octave 3 Eighth Note,normal
22,B3,87.5,3.5,0.5,B in octave 3 Eighth Note,normal
23,C#4,88.0,0.0,1.75,C-sharp in octave 4 Double Dotted Quarter Note,normal
23,G#3,89.75,1.75,0.25,G-sharp in octave 3 16th Note,normal
23,B3,90.0,2.0,0.5,B in octave 3 Eighth Note,normal
23,C4,90.5,2.5,0.5,C-natural in octave 4 Eighth Note,normal
23,C#4,91.0,3.0,0.25,C-sharp in octave 4 16th Note,normal
23,B3,91.25,3.25,0.25,B in octave 3 16th Note,normal
23,G#3,91.5,3.5,0.25,G-sharp in octave 3 16th Note,normal
23,A2,91.75,3.75,0.25,A in octave 2 16th Note,x
24,C#3,92.0,0.0,0.75,C-sharp in octave 3 Dotted Eighth Note,normal
24,B2,92.75,0.75,0.25,B in octave 2 16th Note,normal
24,G#2,93.0,1.0,0.75,G-sharp in octave 2 Dotted Eighth Note,normal
24,B2,93.75,1.75,0.25,B in octave 2 16th Note,normal
24,C#3,94.0,2.0,0.5,C-sharp in octave 3 Eighth Note,normal
24,C#3,94.5,2.5,0.25,C-sharp in octave 3 16th Note,x
24,B2,94.75,2.75,0.25+0.5,B in octave 2 Eighth Note,normal
24,G#2,95.5,3.5,0.5,G-sharp in octave 2 Eighth Note,normal
25,F#2,96.0,0.0,2.0+0.75,F-sharp in octave 2 Dotted Eighth Note,normal
25,C#3,98.75,2.75,0.25,C-sharp in octave 3 16th Note,normal
25,E3,99.0,3.0,0.5,E in octave 3 Eighth Note,normal
25,E#3,99.5,3.5,0.5,E-sharp in octave 3 Eighth Note,normal
26,F#3,100.0,0.0,1.75,F-sharp in octave 3 Double Dotted Quarter Note,normal
26,C#3,101.75,1.75,0.25,C-sharp in octave 3 16th Note,normal
26,F#2,102.0,2.0,0.5,F-sharp in octave 2 Eighth Note,normal
26,A2,102.5,2.5,0.25,A in octave 2 16th Note,x
26,C#3,102.75,2.75,0.25+0.5,C-sharp in octave 3 Eighth Note,normal
26,C3,103.5,3.5,0.5,C-natural in octave 3 Eighth Note,normal
27,B2,104.0,0.0,1.5,B in octave 2 Dotted Quarter Note,normal
27,D#3,105.5,1.5,0.5+0.25,D-sharp in octave 3 16th Note,normal
27,E3,106.25,2.25,0.5,E in octave 3 Eighth Note,normal
27,E#3,106.75,2.75,0.25,E-sharp in octave 3 16th Note,normal
27,F#3,107.0,3.0,0.5,F-sharp in octave 3 Eighth Note,normal
27,A3,107.5,3.5,0.25,A in octave 3 16th Note,normal
27,A#3,107.75,3.75,0.25,A-sharp in octave 3 16th Note,normal
28,B3,108.0,0.0,0.25,B in octave 3 16th Note,normal
28,A3,108.25,0.25,0.25,A in octave 3 16th Note,normal
28,F#3,108.5,0.5,0.25,F-sharp in octave 3 16th Note,normal
28,A2,108.75,0.75,0.25,A in octave 2 16th Note,x
28,B2,109.0,1.0,0.75,B in octave 2 Dotted Eighth Note,normal
28,A2,109.75,1.75,0.25,A in octave 2 16th Note,x
28,B2,110.0,2.0,0.5,B in octave 2 Eighth Note,normal
28,B2,110.5,2.5,0.5,B in octave 2 Eighth Note,normal
28,A2,111.0,3.0,0.25,A in octave 2 16th Note,normal
28,A2,111.25,3.25,0.25,A in octave 2 16th Note,normal
28,G#2,111.5,3.5,0.25,G-sharp in octave 2 16th Note,normal
28,G2,111.75,3.75,0.25,G-natural in octave 2 16th Note,normal
29,F#2,112.0,0.0,0.5,F-sharp in octave 2 Eighth Note,normal
29,F#2,112.5,0.5,0.5+0.75,F-sharp in octave 2 Dotted Eighth Note,normal
29,A2,113.75,1.75,0.25+0.5,A in octave 2 Eighth Note,normal
29,A2,114.5,2.5,0.5,A in octave 2 Eighth Note,normal
29,C#3,115.0,3.0,0.5,C-sharp in octave 3 Eighth Note,normal
29,C3,115.5,3.5,0.5,C-natural in octave 3 Eighth Note,normal
30,B2,116.0,0.0,0.25,B in octave 2 16th Note,normal
30,B2,116.25,0.25,0.5,B in octave 2 Eighth Note,normal
30,B2,116.75,0.75,0.25,B in octave 2 16th Note,normal
30,A2,117.0,1.0,0.75,A in octave 2 Dotted Eighth Note,normal
30,A2,117.75,1.75,0.25,A in octave 2 16th Note,normal
30,G#2,118.0,2.0,0.75,G-sharp in octave 2 Dotted Eighth Note,normal
30,A2,118.75,2.75,0.25,A in octave 2 16th Note,normal
30,G2,119.0,3.0,0.75,G-natural in octave 2 Dotted Eighth Note,normal
30,A2,119.75,3.75,0.25,A in octave 2 16th Note,x
31,F#2,120.0,0.0,0.5,F-sharp in octave 2 Eighth Note,normal
31,F#2,120.5,0.5,0.5+0.75,F-sharp in octave 2 Dotted Eighth Note,normal
31,F#2,121.75,1.75,0.25+0.5,F-sharp in octave 2 Eighth Note,normal
31,A2,122.5,2.5,0.5,A in octave 2 Eighth Note,normal
31,C#3,123.0,3.0,0.5,C-sharp in octave 3 Eighth Note,normal
31,C3,123.5,3.5,0.5,C-natural in octave 3 Eighth Note,normal
32,B2,124.0,0.0,1.5,B in octave 2 Dotted Quarter Note,normal
32,D#3,125.5,1.5,0.5+0.25,D-sharp in octave 3 16th Note,normal
32,E3,126.25,2.25,0.5,E in octave 3 Eighth Note,normal
32,E#3,126.75,2.75,0.25,E-sharp in octave 3 16th Note,x
32,F#3,127.0,3.0,0.5,F-sharp in octave 3 Eighth Note,normal
32,B3,127.5,3.5,0.25,B in octave 3 16th Note,normal
32,E#3,127.75,3.75,0.25,E-sharp in octave 3 16th Note,normal
33,F#3,128.0,0.0,0.5,F-sharp in octave 3 Eighth Note,normal
33,F#3,128.5,0.5,0.5+0.75,F-sharp in octave 3 Dotted Eighth Note,normal
33,C#3,129.75,1.75,0.25,C-sharp in octave 3 16th Note,normal
33,F#2,130.0,2.0,0.75,F-sharp in octave 2 Dotted Eighth Note,normal
33,C#3,130.75,2.75,0.25+0.5,C-sharp in octave 3 Eighth Note,normal
33,C3,131.5,3.5,0.5,C-natural in octave 3 Eighth Note,normal
34,B2,132.0,0.0,1.75,B in octave 2 Double Dotted Quarter Note,normal
34,A2,133.75,1.75,0.25,A in octave 2 16th Note,x
34,B2,134.0,2.0,0.75,B in octave 2 Dotted Eighth Note,normal
34,C#3,134.75,2.75,0.25+0.5,C-sharp in octave 3 Eighth Note,normal
34,D#3,135.5,3.5,0.5,D-sharp in octave 3 Eighth Note,normal
35,E3,136.0,0.0,1.75,E in octave 3 Double Dotted Quarter Note,normal
35,G#3,137.75,1.75,0.25,G-sharp in octave 3 16th Note,x
35,E3,138.0,2.0,0.75,E in octave 3 Dotted Eighth Note,normal
35,F#3,138.75,2.75,0.25+0.5,F-sharp in octave 3 Eighth Note,normal
35,G#3,139.5,3.5,0.25,G-sharp in octave 3 16th Note,normal
35,G#3,139.75,3.75,0.25,G-sharp in octave 3 16th Note,x
36,C#3,140.0,0.0,0.5,C-sharp in octave 3 Eighth Note,normal
36,C#3,140.5,0.5,0.5+0.75,C-sharp in octave 3 Dotted Eighth Note,normal
36,C#3,141.75,1.75,0.25,C-sharp in octave 3 16th Note,x
36,G#2,142.0,2.0,0.5,G-sharp in octave 2 Eighth Note,normal
36,C#3,142.5,2.5,0.5,C-sharp in octave 3 Eighth Note,normal
36,B2,143.0,3.0,0.5,B in octave 2 Eighth Note,normal
36,C#3,143.5,3.5,0.5,C-sharp in octave 3 Eighth Note,normal
37,E2,144.0,0.0,2.0,E in octave 2 Half Note,normal
37,E3,146.0,2.0,0.75,E in octave 3 Dotted Eighth Note,normal
37,F#3,146.75,2.75,0.25+0.5,F-sharp in octave 3 Eighth Note,normal
37,G#3,147.5,3.5,0.25,G-sharp in octave 3 16th Note,normal
37,G#3,147.75,3.75,0.25,G-sharp in octave 3 16th Note,x
38,C#3,148.0,0.0,2.0+0.5,C-sharp in octave 3 Eighth Note,normal
38,C#3,150.5,2.5,0.25,C-sharp in octave 3 16th Note,normal
38,C#3,150.75,2.75,0.25,C-sharp in octave 3 16th Note,normal
38,C3,151.0,3.0,0.25,C-natural in octave 3 16th Note,normal
38,C3,151.25,3.25,0.25,C in octave 3 16th Note,normal
38,B2,151.5,3.5,0.25,B in octave 2 16th Note,normal
38,B2,151.75,3.75,0.25,B in octave 2 16th Note,normal
39,A2,152.0,0.0,0.5,A in octave 2 Eighth Note,normal
39,A2,152.5,0.5,0.5+0.75,A in octave 2 Dotted Eighth Note,normal
39,E3,153.75,1.75,0.25+0.25,E in octave 3 16th Note,normal
39,A3,154.25,2.25,0.5,A in octave 3 Eighth Note,normal
39,E3,154.75,2.75,0.25,E in octave 3 16th Note,normal
39,A3,155.0,3.0,0.5,A in octave 3 Eighth Note,normal
39,E3,155.5,3.5,0.5,E in octave 3 Eighth Note,normal
40,A2,156.0,0.0,0.5,A in octave 2 Eighth Note,normal
40,A2,156.5,0.5,0.5+0.75,A in octave 2 Dotted Eighth Note,normal
40,E3,157.75,1.75,0.25,E in octave 3 16th Note,normal
40,A3,158.0,2.0,0.75,A in octave 3 Dotted Eighth Note,normal
40,E3,158.75,2.75,0.25,E in octave 3 16th Note,normal
40,A3,159.0,3.0,0.5,A in octave 3 Eighth Note,normal
40,E3,159.5,3.5,0.5,E in octave 3 Eighth Note,normal
41,A2,160.0,0.0,0.5,A in octave 2 Eighth Note,normal
41,A2,160.5,0.5,0.5+0.75,A in octave 2 Dotted Eighth Note,normal
41,E3,161.75,1.75,0.25+0.25,E in octave 3 16th Note,normal
41,A3,162.25,2.25,0.5,A in octave 3 Eighth Note,normal
41,E3,162.75,2.75,0.25,E in octave 3 16th Note,normal
41,A3,163.0,3.0,0.5,A in octave 3 Eighth Note,normal
41,E3,163.5,3.5,0.5,E in octave 3 Eighth Note,normal
42,A2,164.0,0.0,0.5,A in octave 2 Eighth Note,normal
42,A2,164.5,0.5,0.5+0.75,A in octave 2 Dotted Eighth Note,normal
42,E3,165.75,1.75,0.25+0.25,E in octave 3 16th Note,normal
42,A3,166.25,2.25,0.5,A in octave 3 Eighth Note,normal
42,E3,166.75,2.75,0.25,E in octave 3 16th Note,normal
42,A3,167.0,3.0,0.5,A in octave 3 Eighth Note,normal
42,E3,167.5,3.5,0.5,E in octave 3 Eighth Note,normal
43,A2,168.0,0.0,0.5,A in octave 2 Eighth Note,normal
43,A2,168.5,0.5,0.5+0.75,A in octave 2 Dotted Eighth Note,normal
43,E3,169.75,1.75,0.25+0.25,E in octave 3 16th Note,normal
43,A3,170.25,2.25,0.5,A in octave 3 Eighth Note,normal
43,E3,170.75,2.75,0.25,E in octave 3 16th Note,normal
43,A3,171.0,3.0,0.5,A in octave 3 Eighth Note,normal
43,E3,171.5,3.5,0.5,E in octave 3 Eighth Note,normal
44,A2,172.0,0.0,0.5,A in octave 2 Eighth Note,normal
44,A2,172.5,0.5,0.5+0.75,A in octave 2 Dotted Eighth Note,normal
44,E3,173.75,1.75,0.25+0.25,E in octave 3 16th Note,normal
44,A3,174.25,2.25,0.5,A in octave 3 Eighth Note,normal
44,E3,174.75,2.75,0.25,E in octave 3 16th Note,normal
44,A3,175.0,3.0,0.25,A in octave 3 16th Note,normal
44,E3,175.25,3.25,0.25,E in octave 3 16th Note,normal
44,B3,175.5,3.5,0.25,B in octave 3 16th Note,normal
44,E3,175.75,3.75,0.25,E in octave 3 16th Note,normal
45,A2,176.0,0.0,0.5,A in octave 2 Eighth Note,normal
45,A2,176.5,0.5,0.5+0.75,A in octave 2 Dotted Eighth Note,normal
45,E3,177.75,1.75,0.25+0.25,E in octave 3 16th Note,normal
45,A3,178.25,2.25,0.5,A in octave 3 Eighth Note,normal
45,E3,178.75,2.75,0.25,E in octave 3 16th Note,normal
45,A3,179.0,3.0,0.5,A in octave 3 Eighth Note,normal
45,E3,179.5,3.5,0.5,E in octave 3 Eighth Note,normal
46,A2,180.0,0.0,0.5,A in octave 2 Eighth Note,normal
46,A2,180.5,0.5,0.5+0.75,A in octave 2 Dotted Eighth Note,normal
46,E3,181.75,1.75,0.25+0.25,E in octave 3 16th Note,normal
46,A3,182.25,2.25,0.5,A in octave 3 Eighth Note,normal
46,E3,182.75,2.75,0.25,E in octave 3 16th Note,normal
46,A3,183.0,3.0,0.25,A in octave 3 16th Note,normal
46,E3,183.25,3.25,0.25,E in octave 3 16th Note,normal
46,A2,183.5,3.5,0.5,A in octave 2 Eighth Note,normal
47,B2,184.0,0.0,0.5,B in octave 2 Eighth Note,normal
47,B2,184.5,0.5,1.0,B in octave 2 Quarter Note,normal
47,D#3,185.5,1.5,0.5+0.25,D-sharp in octave 3 16th Note,normal
47,E3,186.25,2.25,0.5,E in octave 3 Eighth Note,normal
47,E#3,186.75,2.75,0.25,E-sharp in octave 3 16th Note,normal
47,F#3,187.0,3.0,0.5,F-sharp in octave 3 Eighth Note,normal
47,A3,187.5,3.5,0.5,A in octave 3 Eighth Note,normal
48,B3,188.0,0.0,0.75,B in octave 3 Dotted Eighth Note,normal
48,B3,188.75,0.75,0.25,B in octave 3 16th Note,normal
48,D#3,189.0,1.0,0.25,D-sharp in octave 3 16th Note,normal
48,D#3,189.25,1.25,0.5,D-sharp in octave 3 Eighth Note,normal
48,E3,189.75,1.75,0.25+0.5,E in octave 3 Eighth Note,normal
48,E#3,190.5,2.5,0.5,E-sharp in octave 3 Eighth Note,normal
48,F#3,191.0,3.0,0.25,F-sharp in octave 3 16th Note,normal
48,A2,191.25,3.25,0.25,A in octave 2 16th Note,normal
48,C#3,191.5,3.5,0.25,C-sharp in octave 3 16th Note,normal
48,C#3,191.75,3.75,0.25,C-sharp in octave 3 16th Note,normal
49,B2,192.0,0.0,0.75,B in octave 2 Dotted Eighth Note,normal
49,D#3,192.75,0.75,0.25+0.25,D-sharp in octave 3 16th Note,normal
49,D#3,193.25,1.25,0.25,D-sharp in octave 3 16th Note,normal
49,D#3,193.5,1.5,0.25,D-sharp in octave 3 16th Note,normal
49,E3,193.75,1.75,0.25+0.25,E in octave 3 16th Note,normal
49,E3,194.25,2.25,0.5,E in octave 3 Eighth Note,normal
49,E#3,194.75,2.75,0.25,E-sharp in octave 3 16th Note,x
49,F#3,195.0,3.0,0.5,F-sharp in octave 3 Eighth Note,normal
49,A3,195.5,3.5,0.5,A in octave 3 Eighth Note,normal
50,B3,196.0,0.0,0.25,B in octave 3 16th Note,normal
50,A3,196.25,0.25,0.25,A in octave 3 16th Note,normal
50,F#3,196.5,0.5,0.5,F-sharp in octave 3 Eighth Note,normal
50,B3,197.0,1.0,0.25,B in octave 3 16th Note,normal
50,A3,197.25,1.25,0.25,A in octave 3 16th Note,normal
50,F#3,197.5,1.5,0.5,F-sharp in octave 3 Eighth Note,normal
50,B3,198.0,2.0,0.25,B in octave 3 16th Note,normal
50,A3,198.25,2.25,0.25,A in octave 3 16th Note,normal
50,F#3,198.5,2.5,0.5,F-sharp in octave 3 Eighth Note,normal
50,B2,199.0,3.0,0.25,B in octave 2 16th Note,normal
50,C#3,199.25,3.25,0.25,C-sharp in octave 3 16th Note,normal
50,E3,199.5,3.5,0.25,E in octave 3 16th Note,normal
50,C#3,199.75,3.75,0.25,C-sharp in octave 3 16th Note,normal
51,E2,200.0,0.0,0.5,E in octave 2 Eighth Note,normal
51,E2,200.5,0.5,0.5,E in octave 2 Eighth Note,normal
51,E2,201.0,1.0,0.75,E in octave 2 Dotted Eighth Note,normal
51,B2,201.75,1.75,0.25+0.5,B in octave 2 Eighth Note,normal
51,C#3,202.5,2.5,0.5,C-sharp in octave 3 Eighth Note,normal
51,E3,203.0,3.0,0.5,E in octave 3 Eighth Note,normal
51,C#3,203.5,3.5,0.5,C-sharp in octave 3 Eighth Note,normal
52,E3,204.0,0.0,0.5,E in octave 3 Eighth Note,normal
52,E3,204.5,0.5,0.5+0.75,E in octave 3 Dotted Eighth Note,normal
52,B2,205.75,1.75,0.25,B in octave 2 16th Note,x
52,E3,206.0,2.0,0.75,E in octave 3 Dotted Eighth Note,normal
52,F#3,206.75,2.75,0.25+0.5,F-sharp in octave 3 Eighth Note,normal
52,G#3,207.5,3.5,0.5,G-sharp in octave 3 Eighth Note,normal
53,C#3,208.0,0.0,1.0+0.75,C-sharp in octave 3 Dotted Eighth Note,normal
53,B2,209.75,1.75,0.25,B in octave 2 16th Note,normal
53,G#2,210.0,2.0,0.75,G-sharp in octave 2 Dotted Eighth Note,normal
53,B2,210.75,2.75,0.25+0.5,B in octave 2 Eighth Note,normal
53,C3,211.5,3.5,0.5,C-natural in octave 3 Eighth Note,normal
54,C#3,212.0,0.0,0.75,C-sharp in octave 3 Dotted Eighth Note,normal
54,G#2,212.75,0.75,0.25,G-sharp in octave 2 16th Note,normal
54,C#3,213.0,1.0,0.75,C-sharp in octave 3 Dotted Eighth Note,normal
54,G#2,213.75,1.75,0.25,G-sharp in octave 2 16th Note,normal
54,C#3,214.0,2.0,0.75,C-sharp in octave 3 Dotted Eighth Note,normal
54,C#3,214.75,2.75,0.25+0.5,C-sharp in octave 3 Eighth Note,normal
54,D#3,215.5,3.5,0.5,D-sharp in octave 3 Eighth Note,normal
55,E3,216.0,0.0,0.5,E in octave 3 Eighth Note,normal
55,E3,216.5,0.5,0.5+0.75,E in octave 3 Dotted Eighth Note,normal
55,B2,217.75,1.75,0.25+0.5,B in octave 2 Eighth Note,normal
55,C#3,218.5,2.5,0.5,C-sharp in octave 3 Eighth Note,normal
55,E3,219.0,3.0,0.5,E in octave 3 Eighth Note,normal
55,C#3,219.5,3.5,0.5,C-sharp in octave 3 Eighth Note,normal
56,E2,220.0,0.0,0.5,E in octave 2 Eighth Note,normal
56,E2,220.5,0.5,0.5+0.75,E in octave 2 Dotted Eighth Note,normal
56,D3,221.75,1.75,0.25,D-natural in octave 3 16th Note,x
56,E3,222.0,2.0,0.75,E in octave 3 Dotted Eighth Note,normal
56,G#3,222.75,2.75,0.25+0.5,G-sharp in octave 3 Eighth Note,normal
56,B3,223.5,3.5,0.5,B in octave 3 Eighth Note,normal
57,C#4,224.0,0.0,3.0,C-sharp in octave 4 Dotted Half Note,normal
57,G#3,227.5,3.5,0.5,G-sharp in octave 3 Eighth Note,normal
58,C#3,228.0,0.0,0.75,C-sharp in octave 3 Dotted Eighth Note,normal
58,B2,228.75,0.75,0.25,B in octave 2 16th Note,normal
58,G#2,229.0,1.0,0.5,G-sharp in octave 2 Eighth Note,normal
58,B2,229.5,1.5,0.5,B in octave 2 Eighth Note,normal
58,C#3,230.0,2.0,0.75,C-sharp in octave 3 Dotted Eighth Note,normal
58,B2,230.75,2.75,0.25+0.5,B in octave 2 Eighth Note,normal
58,G#2,231.5,3.5,0.5,G-sharp in octave 2 Eighth Note,normal
59,F#2,232.0,0.0,0.5,F-sharp in octave 2 Eighth Note,normal
59,F#2,232.5,0.5,1.5+0.75,F-sharp in octave 2 Dotted Eighth Note,normal
59,C#3,234.75,2.75,0.25,C-sharp in octave 3 16th Note,normal
59,F#3,235.0,3.0,0.25,F-sharp in octave 3 16th Note,normal
59,C#3,235.25,3.25,0.25,C-sharp in octave 3 16th Note,normal
59,F#3,235.5,3.5,0.25,F-sharp in octave 3 16th Note,normal
59,C#3,235.75,3.75,0.25,C-sharp in octave 3 16th Note,normal
60,F#2,236.0,0.0,1.75,F-sharp in octave 2 Double Dotted Quarter Note,normal
60,C#3,237.75,1.75,0.25,C-sharp in octave 3 16th Note,normal
60,F#2,238.0,2.0,0.75,F-sharp in octave 2 Dotted Eighth Note,normal
60,C#3,238.75,2.75,0.25,C-sharp in octave 3 16th Note,normal
60,C#3,239.0,3.0,0.5,C-sharp in octave 3 Eighth Note,normal
60,C3,239.5,3.5,0.5,C-natural in octave 3 Eighth Note,normal
61,B2,240.0,0.0,1.5,B in octave 2 Dotted Quarter Note,normal
61,D#3,241.5,1.5,0.5+0.25,D-sharp in octave 3 16th Note,normal
61,E3,242.25,2.25,0.5,E in octave 3 Eighth Note,normal
61,E#3,242.75,2.75,0.25,E-sharp in octave 3 16th Note,x
61,F#3,243.0,3.0,0.5,F-sharp in octave 3 Eighth Note,normal
61,A3,243.5,3.5,0.5,A in octave 3 Eighth Note,normal
62,B3,244.0,0.0,0.25,B in octave 3 16th Note,normal
62,B3,244.25,0.25,0.5,B in octave 3 Eighth Note,normal
62,B3,244.75,0.75,0.25,B in octave 3 16th Note,normal
62,A3,245.0,1.0,0.5,A in octave 3 Eighth Note,normal
62,A3,245.5,1.5,0.25,A in octave 3 16th Note,normal
62,F#3,245.75,1.75,0.25+0.25,F-sharp in octave 3 16th Note,normal
62,F#3,246.25,2.25,0.25,F-sharp in octave 3 16th Note,normal
62,B2,246.5,2.5,0.5,B in octave 2 Eighth Note,normal
62,B2,247.0,3.0,0.5,B in octave 2 Eighth Note,normal
62,B2,247.5,3.5,0.5,B in octave 2 Eighth Note,normal
63,F#2,248.0,0.0,1.0,F-sharp in octave 2 Quarter Note,normal
63,F#2,249.0,1.0,0.75,F-sharp in octave 2 Dotted Eighth Note,normal
63,A2,249.75,1.75,0.25+1.0,A in octave 2 Quarter Note,normal
63,C#3,251.0,3.0,0.5,C-sharp in octave 3 Eighth Note,normal
63,C3,251.5,3.5,0.5,C-natural in octave 3 Eighth Note,normal
64,B2,252.0,0.0,1.0,B in octave 2 Quarter Note,normal
64,A2,253.0,1.0,0.75,A in octave 2 Dotted Eighth Note,normal
64,G#2,253.75,1.75,0.25+0.5,G-sharp in octave 2 Eighth Note,normal
64,G#2,254.5,2.5,0.5,G-sharp in octave 2 Eighth Note,normal
64,G2,255.0,3.0,0.5,G-natural in octave 2 Eighth Note,normal
64,E2,255.5,3.5,0.5,E in octave 2 Eighth Note,normal
65,F#2,256.0,0.0,1.0,F-sharp in octave 2 Quarter Note,normal
65,F#2,257.0,1.0,0.75,F-sharp in octave 2 Dotted Eighth Note,normal
65,A2,257.75,1.75,0.25+0.5,A in octave 2 Eighth Note,normal
65,A2,258.5,2.5,0.5,A in octave 2 Eighth Note,normal
65,C#3,259.0,3.0,0.5,C-sharp in octave 3 Eighth Note,normal
65,C3,259.5,3.5,0.25,C-natural in octave 3 16th Note,normal
65,A2,259.75,3.75,0.25,A in octave 2 16th Note,normal
66,B2,260.0,0.0,0.75,B in octave 2 Dotted Eighth Note,normal
66,D#3,260.75,0.75,0.25+0.25,D-sharp in octave 3 16th Note,normal
66,E3,261.25,1.25,0.5,E in octave 3 Eighth Note,normal
66,E#3,261.75,1.75,0.25,E-sharp in octave 3 16th Note,normal
66,F#3,262.0,2.0,0.5,F-sharp in octave 3 Eighth Note,normal
66,A3,262.5,2.5,0.25,A in octave 3 16th Note,normal
66,A#3,262.75,2.75,0.25,A-sharp in octave 3 16th Note,normal
66,B3,263.0,3.0,0.25,B in octave 3 16th Note,normal
66,A3,263.25,3.25,0.25,A-natural in octave 3 16th Note,normal
66,E3,263.5,3.5,0.25,E-natural in octave 3 16th Note,normal
66,E3,263.75,3.75,0.25,E in octave 3 16th Note,normal
67,F#3,264.0,0.0,0.5,F-sharp in octave 3 Eighth Note,normal
67,F#3,264.5,0.5,0.5+0.75,F-sharp in octave 3 Dotted Eighth Note,normal
67,C#3,265.75,1.75,0.25,C-sharp in octave 3 16th Note,normal
67,F#2,266.0,2.0,0.75,F-sharp in octave 2 Dotted Eighth Note,normal
67,C#3,266.75,2.75,0.25+0.5,C-sharp in octave 3 Eighth Note,normal
67,C3,267.5,3.5,0.5,C-natural in octave 3 Eighth Note,normal
68,B2,268.0,0.0,0.5,B in octave 2 Eighth Note,normal
68,B2,268.5,0.5,0.5+0.75,B in octave 2 Dotted Eighth Note,normal
68,D#3,269.75,1.75,0.25,D-sharp in octave 3 16th Note,x
68,B2,270.0,2.0,0.75,B in octave 2 Dotted Eighth Note,normal
68,C#3,270.75,2.75,0.25+0.5,C-sharp in octave 3 Eighth Note,normal
68,D#3,271.5,3.5,0.5,D-sharp in octave 3 Eighth Note,normal
69,E3,272.0,0.0,0.5,E in octave 3 Eighth Note,normal
69,E3,272.5,0.5,1.5,E in octave 3 Dotted Quarter Note,normal
69,E3,274.0,2.0,0.75,E in octave 3 Dotted Eighth Note,normal
69,F#3,274.75,2.75,0.25+0.5,F-sharp in octave 3 Eighth Note,normal
69,G#3,275.5,3.5,0.5,G-sharp in octave 3 Eighth Note,normal
70,C#3,276.0,0.0,1.75,C-sharp in octave 3 Double Dotted Quarter Note,normal
70,C#3,277.75,1.75,0.25,C-sharp in octave 3 16th Note,x
70,B2,278.0,2.0,0.25,B in octave 2 16th Note,normal
70,C#3,278.25,2.25,0.25,C-sharp in octave 3 16th Note,normal
70,E3,278.5,2.5,0.5,E in octave 3 Eighth Note,normal
70,E3,279.0,3.0,0.5,E in octave 3 Eighth Note,normal
70,C#3,279.5,3.5,0.5,C-sharp in octave 3 Eighth Note,normal
71,E2,280.0,0.0,0.5,E in octave 2 Eighth Note,normal
71,E2,280.5,0.5,1.5,E in octave 2 Dotted Quarter Note,normal
71,E3,282.0,2.0,0.75,E in octave 3 Dotted Eighth Note,normal
71,F#3,282.75,2.75,0.25+0.5,F-sharp in octave 3 Eighth Note,normal
71,G#3,283.5,3.5,0.5,G-sharp in octave 3 Eighth Note,normal
72,C#3,284.0,0.0,0.5,C-sharp in octave 3 Eighth Note,normal
72,C#3,284.5,0.5,1.5+0.5,C-sharp in octave 3 Eighth Note,normal
72,C#3,286.5,2.5,0.25,C-sharp in octave 3 16th Note,normal
72,C#3,286.75,2.75,0.25,C-sharp in octave 3 16th Note,normal
72,C3,287.0,3.0,0.25,C-natural in octave 3 16th Note,normal
72,C3,287.25,3.25,0.25,C in octave 3 16th Note,normal
72,B2,287.5,3.5,0.25,B in octave 2 16th Note,normal
72,B-2,287.75,3.75,0.25,B-flat in octave 2 16th Note,normal
73,A2,288.0,0.0,0.5,A in octave 2 Eighth Note,normal
73,A2,288.5,0.5,1.0,A in octave 2 Quarter Note,normal
73,E3,289.5,1.5,0.25,E in octave 3 16th Note,normal
73,A3,289.75,1.75,0.25+0.25,A in octave 3 16th Note,normal
73,E3,290.25,2.25,0.25,E in octave 3 16th Note,normal
73,A3,290.5,2.5,0.5,A in octave 3 Eighth Note,normal
73,E3,291.0,3.0,0.5,E in octave 3 Eighth Note,normal
73,A3,291.5,3.5,0.25,A in octave 3 16th Note,normal
73,E3,291.75,3.75,0.25,E in octave 3 16th Note,normal
74,A2,292.0,0.0,0.5,A in octave 2 Eighth Note,normal
74,A2,292.5,0.5,1.0,A in octave 2 Quarter Note,normal
74,E3,293.5,1.5,0.25,E in octave 3 16th Note,normal
74,A3,293.75,1.75,0.25+0.25,A in octave 3 16th Note,normal
74,E3,294.25,2.25,0.25,E in octave 3 16th Note,normal
74,A3,294.5,2.5,0.5,A in octave 3 Eighth Note,normal
74,E3,295.0,3.0,0.5,E in octave 3 Eighth Note,normal
74,A3,295.5,3.5,0.25,A in octave 3 16th Note,normal
74,E3,295.75,3.75,0.25,E in octave 3 16th Note,normal
75,A2,296.0,0.0,0.5,A in octave 2 Eighth Note,normal
75,A2,296.5,0.5,1.0,A in octave 2 Quarter Note,normal
75,E3,297.5,1.5,0.25,E in octave 3 16th Note,normal
75,A3,297.75,1.75,0.25+0.25,A in octave 3 16th Note,normal
75,E3,298.25,2.25,0.25,E in octave 3 16th Note,normal
75,A3,298.5,2.5,0.5,A in octave 3 Eighth Note,normal
75,E3,299.0,3.0,0.5,E in octave 3 Eighth Note,normal
75,A3,299.5,3.5,0.25,A in octave 3 16th Note,normal
75,E3,299.75,3.75,0.25,E in octave 3 16th Note,normal
76,A2,300.0,0.0,0.5,A in octave 2 Eighth Note,normal
76,A2,300.5,0.5,1.0,A in octave 2 Quarter Note,normal
76,E3,301.5,1.5,0.25,E in octave 3 16th Note,normal
76,A3,301.75,1.75,0.25+0.25,A in octave 3 16th Note,normal
76,E3,302.25,2.25,0.25,E in octave 3 16th Note,normal
76,A3,302.5,2.5,0.5,A in octave 3 Eighth Note,normal
76,E3,303.0,3.0,0.5,E in octave 3 Eighth Note,normal
76,A3,303.5,3.5,0.25,A in octave 3 16th Note,normal
76,E3,303.75,3.75,0.25,E in octave 3 16th Note,normal
77,A2,304.0,0.0,0.5,A in octave 2 Eighth Note,normal
77,A2,304.5,0.5,1.0,A in octave 2 Quarter Note,normal
77,E3,305.5,1.5,0.25,E in octave 3 16th Note,normal
77,A3,305.75,1.75,0.25+0.25,A in octave 3 16th Note,normal
77,E3,306.25,2.25,0.25,E in octave 3 16th Note,normal
77,A3,306.5,2.5,0.5,A in octave 3 Eighth Note,normal
77,E3,307.0,3.0,0.5,E in octave 3 Eighth Note,normal
77,A3,307.5,3.5,0.25,A in octave 3 16th Note,normal
77,E3,307.75,3.75,0.25,E in octave 3 16th Note,normal
78,A2,308.0,0.0,0.5,A in octave 2 Eighth Note,normal
78,A2,308.5,0.5,1.0,A in octave 2 Quarter Note,normal
78,E3,309.5,1.5,0.25,E in octave 3 16th Note,normal
78,A3,309.75,1.75,0.25+0.25,A in octave 3 16th Note,normal
78,E3,310.25,2.25,0.25,E in octave 3 16th Note,normal
78,A3,310.5,2.5,0.5,A in octave 3 Eighth Note,normal
78,E3,311.0,3.0,0.5,E in octave 3 Eighth Note,normal
78,A3,311.5,3.5,0.25,A in octave 3 16th Note,normal
78,E3,311.75,3.75,0.25,E in octave 3 16th Note,normal
79,A2,312.0,0.0,0.5,A in octave 2 Eighth Note,normal
79,A2,312.5,0.5,1.0,A in octave 2 Quarter Note,normal
79,E3,313.5,1.5,0.25,E in octave 3 16th Note,normal
79,A3,313.75,1.75,0.25+0.25,A in octave 3 16th Note,normal
79,E3,314.25,2.25,0.25,E in octave 3 16th Note,normal
79,A3,314.5,2.5,0.5,A in octave 3 Eighth Note,normal
79,E3,315.0,3.0,0.5,E in octave 3 Eighth Note,normal
79,A3,315.5,3.5,0.25,A in octave 3 16th Note,normal
79,E3,315.75,3.75,0.25,E in octave 3 16th Note,normal
80,A2,316.0,0.0,0.5,A in octave 2 Eighth Note,normal
80,A2,316.5,0.5,1.0,A in octave 2 Quarter Note,normal
80,E3,317.5,1.5,0.25,E in octave 3 16th Note,normal
80,A3,317.75,1.75,0.25+0.25,A in octave 3 16th Note,normal
80,E3,318.25,2.25,0.25,E in octave 3 16th Note,normal
80,A2,318.5,2.5,0.5,A in octave 2 Eighth Note,normal
80,A2,319.0,3.0,0.5,A in octave 2 Eighth Note,normal
80,A#2,319.5,3.5,0.5,A-sharp in octave 2 Eighth Note,normal
81,B2,320.0,0.0,0.5,B in octave 2 Eighth Note,normal
81,B2,320.5,0.5,1.0,B in octave 2 Quarter Note,normal
81,D#3,321.5,1.5,0.5+0.25,D-sharp in octave 3 16th Note,normal
81,E3,322.25,2.25,0.5,E in octave 3 Eighth Note,normal
81,E#3,322.75,2.75,0.25,E-sharp in octave 3 16th Note,normal
81,F#3,323.0,3.0,0.5,F-sharp in octave 3 Eighth Note,normal
81,A3,323.5,3.5,0.5,A in octave 3 Eighth Note,normal
82,B3,324.0,0.0,0.5,B in octave 3 Eighth Note,normal
82,B3,324.5,0.5,0.5+0.25,B in octave 3 16th Note,normal
82,D#3,325.25,1.25,0.5,D-sharp in octave 3 Eighth Note,normal
82,E3,325.75,1.75,0.25+0.25,E in octave 3 16th Note,normal
82,E#3,326.25,2.25,0.25,E-sharp in octave 3 16th Note,normal
82,F#3,326.5,2.5,0.5,F-sharp in octave 3 Eighth Note,normal
82,F#2,327.0,3.0,0.5,F-sharp in octave 2 Eighth Note,normal
82,C#3,327.5,3.5,0.5,C-sharp in octave 3 Eighth Note,normal
83,B2,328.0,0.0,0.25,B in octave 2 16th Note,normal
83,B2,328.25,0.25,0.5,B in octave 2 Eighth Note,normal
83,B2,328.75,0.75,0.25,B in octave 2 16th Note,normal
83,D#3,329.0,1.0,0.25,D-sharp in octave 3 16th Note,normal
83,D#3,329.25,1.25,0.5,D-sharp in octave 3 Eighth Note,normal
83,D#3,329.75,1.75,0.25,D-sharp in octave 3 16th Note,normal
83,E3,330.0,2.0,0.25,E in octave 3 16th Note,normal
83,E3,330.25,2.25,0.5,E in octave 3 Eighth Note,normal
83,E3,330.75,2.75,0.25,E in octave 3 16th Note,normal
83,E#3,331.0,3.0,0.25,E-sharp in octave 3 16th Note,normal
83,E#3,331.25,3.25,0.5,E-sharp in octave 3 Eighth Note,normal
83,E#3,331.75,3.75,0.25,E-sharp in octave 3 16th Note,normal
84,F#3,332.0,0.0,0.25,F-sharp in octave 3 16th Note,normal
84,F#3,332.25,0.25,0.5,F-sharp in octave 3 Eighth Note,normal
84,F#3,332.75,0.75,0.25,F-sharp in octave 3 16th Note,normal
84,A3,333.0,1.0,0.5,A in octave 3 Eighth Note,normal
84,A#3,333.5,1.5,0.5,A-sharp in octave 3 Eighth Note,normal
84,B3,334.0,2.0,0.25,B in octave 3 16th Note,normal
84,F#3,334.25,2.25,0.25,F-sharp in octave 3 16th Note,normal
84,C3,334.5,2.5,0.5,C-natural in octave 3 Eighth Note,normal
84,B2,335.0,3.0,0.5,B in octave 2 Eighth Note,normal
84,B-2,335.5,3.5,0.5,B-flat in octave 2 Eighth Note,normal
85,A2,336.0,0.0,0.5,A in octave 2 Eighth Note,normal
85,A2,336.5,0.5,0.5+0.75,A in octave 2 Dotted Eighth Note,normal
85,E3,337.75,1.75,0.25+0.25,E in octave 3 16th Note,normal
85,A3,338.25,2.25,0.5,A in octave 3 Eighth Note,normal
85,E3,338.75,2.75,0.25,E in octave 3 16th Note,normal
85,A3,339.0,3.0,0.5,A in octave 3 Eighth Note,normal
85,E3,339.5,3.5,0.5,E in octave 3 Eighth Note,normal
86,A2,340.0,0.0,0.5,A in octave 2 Eighth Note,normal
86,A2,340.5,0.5,0.5+0.75,A in octave 2 Dotted Eighth Note,normal
86,E3,341.75,1.75,0.25+0.25,E in octave 3 16th Note,normal
86,A3,342.25,2.25,0.5,A in octave 3 Eighth Note,normal
86,E3,342.75,2.75,0.25,E in octave 3 16th Note,normal
86,A3,343.0,3.0,0.25,A in octave 3 16th Note,normal
86,D3,343.25,3.25,0.25,D-natural in octave 3 16th Note,normal
86,E3,343.5,3.5,0.5,E in octave 3 Eighth Note,normal
87,A2,344.0,0.0,0.5,A in octave 2 Eighth Note,normal
87,A2,344.5,0.5,0.5+0.75,A in octave 2 Dotted Eighth Note,normal
87,E3,345.75,1.75,0.25+0.25,E in octave 3 16th Note,normal
87,A3,346.25,2.25,0.5,A in octave 3 Eighth Note,normal
87,E3,346.75,2.75,0.25,E in octave 3 16th Note,normal
87,A3,347.0,3.0,0.25,A in octave 3 16th Note,normal
87,D3,347.25,3.25,0.25,D-natural in octave 3 16th Note,normal
87,E3,347.5,3.5,0.5,E in octave 3 Eighth Note,normal
88,A2,348.0,0.0,0.5,A in octave 2 Eighth Note,normal
88,A2,348.5,0.5,0.5+0.75,A in octave 2 Dotted Eighth Note,normal
88,E3,349.75,1.75,0.25+0.25,E in octave 3 16th Note,normal
88,A3,350.25,2.25,0.5,A in octave 3 Eighth Note,normal
88,E3,350.75,2.75,0.25,E in octave 3 16th Note,normal
88,A3,351.0,3.0,0.25,A in octave 3 16th Note,normal
88,E3,351.25,3.25,0.25,E in octave 3 16th Note,normal
88,A3,351.5,3.5,0.25,A in octave 3 16th Note,normal
88,E3,351.75,3.75,0.25,E in octave 3 16th Note,normal
89,A2,352.0,0.0,0.5,A in octave 2 Eighth Note,normal
89,A2,352.5,0.5,0.5+0.75,A in octave 2 Dotted Eighth Note,normal
89,E3,353.75,1.75,0.25+0.25,E in octave 3 16th Note,normal
89,A3,354.25,2.25,0.5,A in octave 3 Eighth Note,normal
89,E3,354.75,2.75,0.25,E in octave 3 16th Note,normal
89,A3,355.0,3.0,0.5,A in octave 3 Eighth Note,normal
89,E3,355.5,3.5,0.5,E in octave 3 Eighth Note,normal
90,A2,356.0,0.0,0.5,A in octave 2 Eighth Note,normal
90,A2,356.5,0.5,0.5+0.75,A in octave 2 Dotted Eighth Note,normal
90,E3,357.75,1.75,0.25+0.25,E in octave 3 16th Note,normal
90,A3,358.25,2.25,0.5,A in octave 3 Eighth Note,normal
90,E3,358.75,2.75,0.25,E in octave 3 16th Note,normal
90,A3,359.0,3.0,0.25,A in octave 3 16th Note,normal
90,E3,359.25,3.25,0.25,E in octave 3 16th Note,normal
90,A3,359.5,3.5,0.25,A in octave 3 16th Note,normal
90,E3,359.75,3.75,0.25,E in octave 3 16th Note,normal
91,A2,360.0,0.0,0.5,A in octave 2 Eighth Note,normal
91,A2,360.5,0.5,0.5+0.75,A in octave 2 Dotted Eighth Note,normal
91,E3,361.75,1.75,0.25+0.25,E in octave 3 16th Note,normal
91,A3,362.25,2.25,0.5,A in octave 3 Eighth Note,normal
91,E3,362.75,2.75,0.25,E in octave 3 16th Note,normal
91,A3,363.0,3.0,0.5,A in octave 3 Eighth Note,normal
91,E3,363.5,3.5,0.5,E in octave 3 Eighth Note,normal
92,A2,364.0,0.0,0.5,A in octave 2 Eighth Note,normal
92,A2,364.5,0.5,0.5+0.75,A in octave 2 Dotted Eighth Note,normal
92,E3,365.75,1.75,0.25,E in octave 3 16th Note,normal
92,A3,366.0,2.0,0.25,A in octave 3 16th Note,normal
92,E3,366.25,2.25,0.25,E in octave 3 16th Note,normal
92,A2,366.5,2.5,0.5+0.25,A in octave 2 16th Note,normal
92,A#2,367.25,3.25,0.75,A-sharp in octave 2 Dotted Eighth Note,normal
93,B2,368.0,0.0,0.5,B in octave 2 Eighth Note,normal
93,B2,368.5,0.5,0.5,B in octave 2 Eighth Note,normal
93,D#3,369.0,1.0,0.25,D-sharp in octave 3 16th Note,normal
93,D#3,369.25,1.25,0.75,D-sharp in octave 3 Dotted Eighth Note,normal
93,E3,370.0,2.0,0.5,E in octave 3 Eighth Note,normal
93,E#3,370.5,2.5,0.5,E-sharp in octave 3 Eighth Note,normal
93,F#3,371.0,3.0,0.5,F-sharp in octave 3 Eighth Note,normal
93,A3,371.5,3.5,0.5,A in octave 3 Eighth Note,normal
94,B3,372.0,0.0,0.5,B in octave 3 Eighth Note,normal
94,B3,372.5,0.5,1.0,B in octave 3 Quarter Note,normal
94,D#3,373.5,1.5,0.25,D-sharp in octave 3 16th Note,normal
94,D#3,373.75,1.75,0.25+0.25,D-sharp in octave 3 16th Note,normal
94,D#3,374.25,2.25,0.25,D-sharp in octave 3 16th Note,x
94,E3,374.5,2.5,0.5,E in octave 3 Eighth Note,normal
94,F#3,375.0,3.0,1.0,F-sharp in octave 3 Quarter Note,normal
